y;x;editions;leftlambert;toplambert;rightlambert;lambert;west;north;east;south
12;28;1980;601200;141424;601800;141024;2.35289606;48.97317796;2.36109042;48.96957945
13;27;1986;600600;141024;601200;140624;2.34469943;48.96958170;2.35289379;48.96598378
13;28;1980;601200;141024;601800;140624;2.35289492;48.96958087;2.36108869;48.96598236
14;27;1986;600600;140624;601200;140224;2.34469889;48.96598461;2.35289265;48.96238669
15;27;1988;600600;140224;601200;139824;2.34469835;48.96238751;2.35289152;48.95878960
22;53;;616200;137424;616800;137024;2.55763778;48.93699574;2.56581129;48.93338258
22;54;1978;616800;137424;617400;137024;2.56582785;48.93697966;2.57400077;48.93336592
23;52;1973;615600;137024;616200;136624;2.54943232;48.93341415;2.55760584;48.92980158
23;53;1993;616200;137024;616800;136624;2.55762181;48.93339866;2.56579473;48.92978551
23;54;1977;616800;137024;617400;136624;2.56581129;48.93338258;2.57398361;48.92976885
23;55;1973;617400;137024;618000;136624;2.57400077;48.93336592;2.58217249;48.92975160
23;56;1974;618000;137024;618600;136624;2.58219024;48.93334867;2.59036136;48.92973377
23;57;1974;618600;137024;619200;136624;2.59037970;48.93333084;2.59855023;48.92971535
24;52;2003;615600;136624;616200;136224;2.54941694;48.92981707;2.55758987;48.92620451
24;53;1978;616200;136624;616800;136224;2.55760584;48.92980158;2.56577817;48.92618844
24;56;1973;618000;136624;618600;136224;2.58217249;48.92975160;2.59034302;48.92613670
24;57;1973;618600;136624;619200;136224;2.59036136;48.92973377;2.59853129;48.92611828
25;51;1974;615000;136224;615600;135824;2.54121327;48.92623490;2.54938620;48.92262292
25;52;1975;615600;136224;616200;135824;2.54940157;48.92622000;2.55757391;48.92260743
25;53;1974;616200;136224;616800;135824;2.55758987;48.92620451;2.56576161;48.92259136
25;57;1973;618600;136224;619200;135824;2.59034302;48.92613670;2.59851236;48.92252121
26;51;1973;615000;135824;615600;135424;2.54119849;48.92263782;2.54937083;48.91902584
26;52;1973;615600;135824;616200;135424;2.54938620;48.92262292;2.55755795;48.91901036
26;53;1973;616200;135824;616800;135424;2.55757391;48.92260743;2.56574506;48.91899429
27;50;1971;614400;135424;615000;135024;2.53299659;48.91905505;2.54116894;48.91544366
27;51;1971;615000;135424;615600;135024;2.54118371;48.91904074;2.54935547;48.91542876
27;52;1973;615600;135424;616200;135024;2.54937083;48.91902584;2.55754199;48.91541328
28;50;1971;614400;135024;615000;134624;2.53298241;48.91545797;2.54115417;48.91184658
28;51;1971;615000;135024;615600;134624;2.54116894;48.91544366;2.54934010;48.91183169
29;12;1949-v1;591600;134624;592200;134224;2.22190092;48.91197032;2.23009466;48.90838119
30;12;1980;591600;134224;592200;133824;2.22190928;48.90837323;2.23010242;48.90478411
31;11;1950;591000;133824;591600;133424;2.21373284;48.90476759;2.22192598;48.90117905
31;12;1950 1969;591600;133824;592200;133424;2.22191763;48.90477614;2.23011017;48.90118702
31;49;1972;613800;133824;614400;133424;2.52475512;48.90468046;2.53292571;48.90106966
31;50;1972;614400;133824;615000;133424;2.53293988;48.90466674;2.54110987;48.90105535
32;11;1950 1969;591000;133424;591600;133024;2.21374178;48.90117051;2.22193432;48.89758197
32;12;1971;591600;133424;592200;133024;2.22192598;48.90117905;2.23011793;48.89758993
32;50;1972;614400;133424;615000;133024;2.53292571;48.90106966;2.54109510;48.89745827
33;11;1948;591000;133024;591600;132624;2.21375072;48.89757342;2.22194267;48.89398488
33;12;1948 1968;591600;133024;592200;132624;2.22193432;48.89758197;2.23012569;48.89399284
33;56;1972;618000;133024;618600;132624;2.58201287;48.89737795;2.59017809;48.89376306
34;10;1980;590400;132624;591000;132224;2.20557665;48.89396720;2.21376860;48.89037925
34;11;1947 1969;591000;132624;591600;132224;2.21375966;48.89397633;2.22195102;48.89038779
34;12;1948 1967;591600;132624;592200;132224;2.22194267;48.89398488;2.23013344;48.89039576
34;25;1902 1966;599400;132624;600000;132224;2.32832200;48.89404268;2.33650508;48.89044594
34;26;1904 1967 1967-HD;600000;132624;600600;132224;2.33650503;48.89404303;2.34468752;48.89044569
34;36;1963 2002;606000;132624;606600;132224;2.41833532;48.89401424;2.42651188;48.89041105
34;48;1972;613200;132624;613800;132224;2.51653141;48.89390235;2.52470082;48.89029214
34;49;1972;613800;132624;614400;132224;2.52471439;48.89388922;2.53288320;48.89027842
34;50;1971;614400;132624;615000;132224;2.53289737;48.89387550;2.54106559;48.89026412
35;10;1947 1971;590400;132224;591000;131824;2.20558618;48.89037011;2.21377753;48.88678216
35;11;1948 1971;591000;132224;591600;131824;2.21376860;48.89037925;2.22195936;48.88679071
35;14;1949 1979;592800;132224;593400;131824;2.23831586;48.89040313;2.24650486;48.88681283
35;25;1903 1967 2002-HD;599400;132224;600000;131824;2.32832264;48.89044559;2.33650514;48.88684884
35;26;1903 2002-v1 2002-HD;600000;132224;600600;131824;2.33650508;48.89044594;2.34468698;48.88684860
35;27;1903 1999 1999-HD;600600;132224;601200;131824;2.34468752;48.89044569;2.35286883;48.88684778
35;35;1963;605400;132224;606000;131824;2.41014702;48.89042267;2.41832358;48.88682006
35;36;1963;606000;132224;606600;131824;2.41832945;48.89041715;2.42650542;48.88681396
35;37;1964 2002;606600;132224;607200;131824;2.42651188;48.89041105;2.43468725;48.88680728
35;38;1991;607200;132224;607800;131824;2.43469431;48.89040436;2.44286909;48.88680000
35;39;1990;607800;132224;608400;131824;2.44287673;48.89039709;2.45105092;48.88679215
35;40;1986;608400;132224;609000;131824;2.45105916;48.89038923;2.45923274;48.88678370
35;48;1971;613200;132224;613800;131824;2.51651842;48.89030527;2.52468724;48.88669506
35;49;1972;613800;132224;614400;131824;2.52470082;48.89029214;2.53286904;48.88668134
35;51;1972;615000;132224;615600;131824;2.54106559;48.89026412;2.54923261;48.88665215
36;9;1949;589800;131824;590400;131424;2.19741389;48.88676331;2.20560524;48.88317594
36;25;1903 1967-HD;599400;131824;600000;131424;2.32832329;48.88684850;2.33650519;48.88325175
36;26;1903 1981 1981-HD;600000;131824;600600;131424;2.33650514;48.88684884;2.34468644;48.88325151
36;27;1903 1968-HD;600600;131824;601200;131424;2.34468698;48.88684860;2.35286770;48.88325068
36;28;1906 1967 1967-HD;601200;131824;601800;131424;2.35286883;48.88684778;2.36104895;48.88324927
36;29;1980 2003;601800;131824;602400;131424;2.36105068;48.88684636;2.36923021;48.88324727
36;31;1929 1966 1966-HD;603000;131824;603600;131424;2.37741437;48.88684178;2.38559271;48.88324152
36;32;1967 1967-HD;603600;131824;604200;131424;2.38559621;48.88683861;2.39377396;48.88323776
36;33;1986 1986-HD;604200;131824;604800;131424;2.39377806;48.88683485;2.40195521;48.88323342
36;35;1961;605400;131824;606000;131424;2.41014174;48.88682558;2.41831771;48.88322298
36;36;1963 2003;606000;131824;606600;131424;2.41832358;48.88682006;2.42649895;48.88321688
36;37;1964;606600;131824;607200;131424;2.42650542;48.88681396;2.43468020;48.88321019
36;38;1963 1991-v1 1991-v2;607200;131824;607800;131424;2.43468725;48.88680728;2.44286144;48.88320292
36;39;1991;607800;131824;608400;131424;2.44286909;48.88680000;2.45104268;48.88319506
36;40;1986;608400;131824;609000;131424;2.45105092;48.88679215;2.45922391;48.88318662
36;41;1986;609000;131824;609600;131424;2.45923274;48.88678370;2.46740514;48.88317759
36;50;1976;614400;131824;615000;131424;2.53286904;48.88668134;2.54103608;48.88306996
36;51;1974;615000;131824;615600;131424;2.54105083;48.88666704;2.54921727;48.88305507
36;52;1974;615600;131824;616200;131424;2.54923261;48.88665215;2.55739846;48.88303960
36;53;1973;616200;131824;616800;131424;2.55741440;48.88663667;2.56557964;48.88302354
37;26;1857 1903 1968-HD;600000;131424;600600;131024;2.33650519;48.88325175;2.34468590;48.87965442
37;27;1978 1990 1990-HD;600600;131424;601200;131024;2.34468644;48.88325151;2.35286657;48.87965359
37;28;1978 1978-HD;601200;131424;601800;131024;2.35286770;48.88325068;2.36104723;48.87965218
37;29;1980 2003-v2 2003-HD;601800;131424;602400;131024;2.36104895;48.88324927;2.36922789;48.87965018
37;30;1857 1928 1967-v2 1967-HD;602400;131424;603000;131024;2.36923021;48.88324727;2.37740855;48.87964760
37;31;1922 1993-HD;603000;131424;603600;131024;2.37741146;48.88324469;2.38558921;48.87964443
37;32;1913 1992-HD;603600;131424;604200;131024;2.38559271;48.88324152;2.39376987;48.87964067
37;33;1914 1986-HD;604200;131424;604800;131024;2.39377396;48.88323776;2.40195053;48.87963633
37;35;1963;605400;131424;606000;131024;2.41013646;48.88322849;2.41831184;48.87962589
37;40;1986;608400;131424;609000;131024;2.45104268;48.88319506;2.45921508;48.87958953
37;46;1962;612000;131424;612600;131024;2.50013004;48.88313561;2.50829887;48.87952657
37;47;1961;612600;131424;613200;131024;2.50831126;48.88312365;2.51647949;48.87951403
37;50;1976;614400;131424;615000;131024;2.53285488;48.88308426;2.54102132;48.87947288
37;51;1976;615000;131424;615600;131024;2.54103608;48.88306996;2.54920192;48.87945800
37;52;1973;615600;131424;616200;131024;2.54921727;48.88305507;2.55738252;48.87944252
37;53;1973;616200;131424;616800;131024;2.55739846;48.88303960;2.56556311;48.87942647
38;7;1976;588600;131024;589200;130624;2.18107287;48.87954795;2.18926420;48.87596176
38;10;1950 1968;590400;131024;591000;130624;2.20561476;48.87957886;2.21380434;48.87599090
38;11;1950 1970;591000;131024;591600;130624;2.21379540;48.87958799;2.22198439;48.87599945
38;28;1978;601200;131024;601800;130624;2.35286657;48.87965359;2.36104550;48.87605509
38;29;1979 1979-HD;601800;131024;602400;130624;2.36104723;48.87965218;2.36922557;48.87605309
38;30;1857 1918 2000 2000-HD;602400;131024;603000;130624;2.36922789;48.87965018;2.37740564;48.87605051
38;31;1920 1969-HD;603000;131024;603600;130624;2.37740855;48.87964760;2.38558571;48.87604734
38;34;1986 1984-HD;604800;131024;605400;130624;2.40195053;48.87963633;2.41012591;48.87603431
38;35;1986 1984-HD;605400;131024;606000;130624;2.41013119;48.87963140;2.41830597;48.87602880
38;45;1982;611400;131024;612000;130624;2.49193762;48.87954990;2.50010646;48.87594145
38;46;1984;612000;131024;612600;130624;2.50011825;48.87953853;2.50828649;48.87592949
38;47;1993;612600;131024;613200;130624;2.50829887;48.87952657;2.51646652;48.87591695
38;48;1993;613200;131024;613800;130624;2.51647949;48.87951403;2.52464654;48.87590382
38;52;1973;615600;131024;616200;130624;2.54920192;48.87945800;2.55736659;48.87584545
38;53;1973;616200;131024;616800;130624;2.55738252;48.87944252;2.56554659;48.87582939
39;7;1976;588600;130624;589200;130224;2.18108417;48.87595087;2.18927491;48.87236467
39;11;1950;591000;130624;591600;130224;2.21380434;48.87599090;2.22199273;48.87240236
39;19;1956 1956-HD;595800;130624;596400;130224;2.27924481;48.87604286;2.28742848;48.87244963
39;29;1979;601800;130624;602400;130224;2.36104550;48.87605509;2.36922326;48.87245600
39;30;1857 1918 1967 1967-HD;602400;130624;603000;130224;2.36922557;48.87605309;2.37740274;48.87245342
39;31;1924 2001-HD;603000;130624;603600;130224;2.37740564;48.87605051;2.38558221;48.87245025
39;42;1982;609600;130624;610200;130224;2.46738630;48.87598342;2.47555633;48.87237672
39;43;1982;610200;130624;610800;130224;2.47556635;48.87597380;2.48373578;48.87236652
39;44;1982;610800;130624;611400;130224;2.48374639;48.87596360;2.49191523;48.87235574
39;45;1983;611400;130624;612000;130224;2.49192643;48.87595282;2.50009467;48.87234437
39;46;1962;612000;130624;612600;130224;2.50010646;48.87594145;2.50827411;48.87233241
39;47;1993;612600;130624;613200;130224;2.50828649;48.87592949;2.51645355;48.87231987
39;48;1993;613200;130624;613800;130224;2.51646652;48.87591695;2.52463298;48.87230674
40;6;1973;588000;130224;588600;129824;2.17291602;48.87234231;2.18110676;48.86875670
40;7;1973;588600;130224;589200;129824;2.18109547;48.87235379;2.18928562;48.86876759
40;10;1950;590400;130224;591000;129824;2.20563381;48.87238469;2.21382220;48.86879673
40;11;1950;591000;130224;591600;129824;2.21381327;48.87239382;2.22200107;48.86880528
40;18;1956 1956-HD;595200;130224;595800;129824;2.27106953;48.87244133;2.27925320;48.86884868
40;19;1956 1956-HD;595800;130224;596400;129824;2.27924900;48.87244577;2.28743208;48.86885254
40;21;1855;597000;130224;597600;129824;2.29560795;48.87245291;2.30378985;48.86885850
40;31;1924 1964-HD;603000;130224;603600;129824;2.37740274;48.87245342;2.38557871;48.86885316
40;32;1965 1965-HD;603600;130224;604200;129824;2.38558221;48.87245025;2.39375760;48.86884940
40;36;1962;606000;130224;606600;129824;2.41830010;48.87243171;2.42647311;48.86882852
40;43;1982;610200;130224;610800;129824;2.47555633;48.87237672;2.48372518;48.86876944
40;46;1972;612000;130224;612600;129824;2.50009467;48.87234437;2.50826173;48.86873533
40;47;1972;612600;130224;613200;129824;2.50827411;48.87233241;2.51644058;48.86872279
40;48;1972;613200;130224;613800;129824;2.51645355;48.87231987;2.52461942;48.86870966
41;3;1977;586200;129824;586800;129424;2.14839139;48.86870730;2.15658330;48.86512345
41;4;1977;586800;129824;587400;129424;2.15657023;48.86872053;2.16476155;48.86513609
41;5;1973;587400;129824;588000;129424;2.16474907;48.86873317;2.17293980;48.86514815
41;10;1973;590400;129824;591000;129424;2.20564334;48.86878761;2.21383113;48.86519965
41;11;1950;591000;129824;591600;129424;2.21382220;48.86879673;2.22200940;48.86520819
41;18;1957-v1 1957-v2 1957-HD;595200;129824;595800;129424;2.27107432;48.86884424;2.27925739;48.86525160
41;19;1956-v1 1956-v2 1981 1956-HD;595800;129824;596400;129424;2.27925320;48.86884868;2.28743568;48.86525545
41;20;1855 1955 1955-HD;596400;129824;597000;129424;2.28743208;48.86885254;2.29561398;48.86525873
41;21;1855 1905 1955 1955-HD;597000;129824;597600;129424;2.29561096;48.86885582;2.30379227;48.86526141
41;32;1923 2001-HD;603600;129824;604200;129424;2.38557871;48.86885316;2.39375350;48.86525231
41;33;1923 2001-HD;604200;129824;604800;129424;2.39375760;48.86884940;2.40193179;48.86524797
41;34;1967 1967-HD;604800;129824;605400;129424;2.40193648;48.86884506;2.41011008;48.86524305
41;36;1962 1991;606000;129824;606600;129424;2.41829424;48.86883462;2.42646666;48.86523144
41;46;1972;612000;129824;612600;129424;2.50008289;48.86874728;2.50824936;48.86513825
41;47;1973;612600;129824;613200;129424;2.50826173;48.86873533;2.51642761;48.86512571
42;4;1973;586800;129424;587400;129024;2.15658330;48.86512345;2.16477403;48.86153901
42;11;1979;591000;129424;591600;129024;2.21383113;48.86519965;2.22201774;48.86161111
42;18;1955 1955-HD;595200;129424;595800;129024;2.27107910;48.86524715;2.27926159;48.86165451
42;19;1856 1955 1955-HD;595800;129424;596400;129024;2.27925739;48.86525160;2.28743929;48.86165837
42;20;1856 1905 1948-v1 1948-v2 1948-v3 1948-HD;596400;129424;597000;129024;2.28743568;48.86525545;2.29561699;48.86166164
42;32;1965-v2 1965-HD;603600;129424;604200;129024;2.38557521;48.86525607;2.39374941;48.86165523
42;33;1929 1966-HD;604200;129424;604800;129024;2.39375350;48.86525231;2.40192711;48.86165089
42;34;1967 1967-HD;604800;129424;605400;129024;2.40193179;48.86524797;2.41010481;48.86164596
42;36;1982;606000;129424;606600;129024;2.41828837;48.86523754;2.42646020;48.86163435
42;37;1963;606600;129424;607200;129024;2.42646666;48.86523144;2.43463789;48.86162767
43;18;1957 1985 1985-HD;595200;129024;595800;128624;2.27108389;48.86165006;2.27926578;48.85805742
43;19;1957-v1 1957-v2 1957-HD;595800;129024;596400;128624;2.27926159;48.86165451;2.28744289;48.85806128
43;20;1957;596400;129024;597000;128624;2.28743929;48.86165837;2.29562000;48.85806455
43;32;1925 1966 1966-HD;603600;129024;604200;128624;2.38557171;48.86165898;2.39374532;48.85805814
43;33;1992-v2 1992-HD;604200;129024;604800;128624;2.39374941;48.86165523;2.40192243;48.85805380
43;34;1967 1967-HD;604800;129024;605400;128624;2.40192711;48.86165089;2.41009954;48.85804887
43;36;1982;606000;129024;606600;128624;2.41828250;48.86164045;2.42645374;48.85803726
43;37;1963;606600;129024;607200;128624;2.42646020;48.86163435;2.43463084;48.85803058
43;39;1989;607800;129024;608400;128624;2.44281558;48.86162040;2.45098503;48.85801546
43;40;1989;608400;129024;609000;128624;2.45099326;48.86161254;2.45916213;48.85800702
44;8;1973;589200;128624;589800;128224;2.18931773;48.85797634;2.19750492;48.85438956
44;18;1954 1956-HD;595200;128624;595800;128224;2.27108867;48.85805298;2.27926997;48.85446033
44;19;1954 1954-HD;595800;128624;596400;128224;2.27926578;48.85805742;2.28744649;48.85446419
44;32;1992;603600;128624;604200;128224;2.38556822;48.85806189;2.39374124;48.85446105
44;33;1992 1992-HD;604200;128624;604800;128224;2.39374532;48.85805814;2.40191775;48.85445671
44;34;1992;604800;128624;605400;128224;2.40192243;48.85805380;2.41009426;48.85445178
44;39;1963;607800;128624;608400;128224;2.44280794;48.85802331;2.45097680;48.85441837
44;40;1964;608400;128624;609000;128224;2.45098503;48.85801546;2.45915330;48.85440994
45;39;1963;607800;128224;608400;127824;2.44280030;48.85442623;2.45096857;48.85082129
45;41;2002;609000;128224;609600;127824;2.45915330;48.85440994;2.46732039;48.85080383
45;42;2002;609600;128224;610200;127824;2.46732980;48.85440091;2.47549629;48.85079422
46;24;1857 1898 1953-v1 1953-v2 1953-HD;598800;127824;599400;127424;2.32015380;48.85087667;2.32833037;48.84728052
46;25;1857 1898 1993 1993-HD;599400;127824;600000;127424;2.32832973;48.85087760;2.33650571;48.84728086
46;26;1857 1897 1953 2002-v1 2002-v3 2002-HD;600000;127824;600600;127424;2.33650565;48.85087795;2.34468104;48.84728062
46;41;2003;609000;127824;609600;127424;2.45914448;48.85081285;2.46731098;48.84720675
46;42;2003;609600;127824;610200;127424;2.46732039;48.85080383;2.47548629;48.84719714
47;10;1972;590400;127424;591000;127024;2.20570044;48.84720510;2.21388468;48.84361715
47;11;1973-v1 1973-v2;591000;127424;591600;127024;2.21387575;48.84721423;2.22205940;48.84362569
47;23;1857 1955 1955-HD;598200;127424;598800;127024;2.31197970;48.84727807;2.32015627;48.84368250
47;24;1858 1955-v2 2004 1955-HD;598800;127424;599400;127024;2.32015503;48.84727959;2.32833101;48.84368343
47;25;1898 1986-v1 1986-v2 1986-HD;599400;127424;600000;127024;2.32833037;48.84728052;2.33650576;48.84368377
47;26;1857 1956-v2 1981-v1 1981-v2 1981-HD;600000;127424;600600;127024;2.33650571;48.84728086;2.34468050;48.84368353
47;27;1857 1900 1955-v1 1955-v2 1955-HD;600600;127424;601200;127024;2.34468104;48.84728062;2.35285525;48.84368270
47;28;1855 1955-v1 1955-v2 1955-HD;601200;127424;601800;127024;2.35285638;48.84727979;2.36103000;48.84368129
48;10;1972;590400;127024;591000;126624;2.20570995;48.84360802;2.21389360;48.84002006
48;11;1973-v1 1973-v2;591000;127024;591600;126624;2.21388468;48.84361715;2.22206773;48.84002860
48;22;1858 1948 1996 1948-HD;597600;127024;598200;126624;2.30380678;48.84367888;2.31198335;48.84008390
48;23;1858 1979-v1 1979-v2 1979-HD;598200;127024;598800;126624;2.31198152;48.84368098;2.32015750;48.84008541
48;24;1859 1978-v1 1978-v2 1978-HD;598800;127024;599400;126624;2.32015627;48.84368250;2.32833166;48.84008634
48;25;1859 1955 1973 1990-v1 1990-v2 1990-HD;599400;127024;600000;126624;2.32833101;48.84368343;2.33650581;48.84008668
48;26;1859 1955 1970-v2 1990-v1 1990-v2 1990-HD;600000;127024;600600;126624;2.33650576;48.84368377;2.34467997;48.84008644
48;27;1859 1953 1984-v1 1984-v2 1984-HD;600600;127024;601200;126624;2.34468050;48.84368353;2.35285412;48.84008562
48;28;1857 1956-v1 1956-v2 1956-HD;601200;127024;601800;126624;2.35285525;48.84368270;2.36102827;48.84008420
48;32;1957 1957-HD;603600;127024;604200;126624;2.38555423;48.84367354;2.39372489;48.84007270
48;33;1966 1966-HD;604200;127024;604800;126624;2.39372897;48.84366979;2.40189903;48.84006836
48;34;1958 1981 1981-HD;604800;127024;605400;126624;2.40190371;48.84366545;2.41007318;48.84006344
49;10;1975-v1 1975-v2;590400;126624;591000;126224;2.20571946;48.84001094;2.21390251;48.83642298
49;11;1973;591000;126624;591600;126224;2.21389360;48.84002006;2.22207606;48.83643152
49;21;1956 1989-v1 1989-v2 1989-HD;597000;126624;597600;126224;2.29563504;48.84007911;2.30381161;48.83648471
49;22;1979 1999-HD;597600;126624;598200;126224;2.30380919;48.84008180;2.31198517;48.83648681
49;23;1955 1975 1975-HD;598200;126624;598800;126224;2.31198335;48.84008390;2.32015873;48.83648832
49;24;1859 1899 1946 1987 1987-HD;598800;126624;599400;126224;2.32015750;48.84008541;2.32833230;48.83648925
49;25;1859 1899 1980 1980-HD;599400;126624;600000;126224;2.32833166;48.84008634;2.33650586;48.83648960
49;26;1859 1956-v2 1979-v1 1979-v2 1979-HD;600000;126624;600600;126224;2.33650581;48.84008668;2.34467943;48.83648935
49;27;1859 1966 1966-HD;600600;126624;601200;126224;2.34467997;48.84008644;2.35285299;48.83648853
49;28;1857 1938-v1 1938-v2 1965 1965-HD;601200;126624;601800;126224;2.35285412;48.84008562;2.36102655;48.83648712
49;29;1857 1900 2002 2002-HD;601800;126624;602400;126224;2.36102827;48.84008420;2.36920012;48.83648512
49;32;1958 2001 2001-HD;603600;126624;604200;126224;2.38555073;48.84007645;2.39372080;48.83647562
49;33;1857 1966 1966-HD;604200;126624;604800;126224;2.39372489;48.84007270;2.40189436;48.83647128
49;34;1958 1984 1981-HD 1984-HD;604800;126624;605400;126224;2.40189903;48.84006836;2.41006791;48.83646635
49;35;1958 1984 1984-HD;605400;126624;606000;126224;2.41007318;48.84006344;2.41824147;48.83646084
50;20;1956 1957-HD;596400;126224;597000;125824;2.28746449;48.83647875;2.29564105;48.83288494
50;21;1935 1956 1988 1988-HD;597000;126224;597600;125824;2.29563805;48.83648202;2.30381402;48.83288762
50;22;1899 1995 1970-HD;597600;126224;598200;125824;2.30381161;48.83648471;2.31198700;48.83288972
50;23;1895 1932 1992 1992-HD;598200;126224;598800;125824;2.31198517;48.83648681;2.32015997;48.83289124
50;24;1859 1894 1965 1988-v1 1988-v2 1988-HD;598800;126224;599400;125824;2.32015873;48.83648832;2.32833294;48.83289216
50;25;1859 1975 1985-v1 1985-v2 1985-HD 1896;599400;126224;600000;125824;2.3273969;48.83721150;2.3374778;48.83217590
50;26;1859 1896 1992-v1 1992-v2 1992-HD;600000;126224;600600;125824;2.33650586;48.83648960;2.34467889;48.83289227
50;27;1859 1912 1971-v1 1971-v2 1971-HD;600600;126224;601200;125824;2.34467943;48.83648935;2.35285186;48.83289144
50;28;1854 1911 1965 1987-v1 1987-v2 1987-HD;601200;126224;601800;125824;2.35285299;48.83648853;2.36102483;48.83289003
50;29;1854 1912 1966 1966-HD;601800;126224;602400;125824;2.36102655;48.83648712;2.36919780;48.83288803
50;32;1958-v1 1958-HD;603600;126224;604200;125824;2.38554724;48.83647937;2.39371671;48.83287853
50;34;1958 1984 1984-HD;604800;126224;605400;125824;2.40189436;48.83647128;2.41006265;48.83286927
50;35;1958 1984 1984-HD;605400;126224;606000;125824;2.41006791;48.83646635;2.41823561;48.83286376
51;8;1974;589200;125824;589800;125424;2.18939259;48.83279677;2.19757563;48.82920999
51;9;1974;589800;125824;590400;125424;2.19756554;48.83280707;2.20574799;48.82921969
51;20;1899 1964 2000-v1 2000-v2 2000-HD;596400;125824;597000;125424;2.28746808;48.83288167;2.29564406;48.82928785
51;21;1958 1989-v1 1989-v2 1989-HD;597000;125824;597600;125424;2.29564105;48.83288494;2.30381644;48.82929054
51;22;1899 1995 1964-HD;597600;125824;598200;125424;2.30381402;48.83288762;2.31198882;48.82929263
51;23;1896 1956-v1 1956-HD;598200;125824;598800;125424;2.31198700;48.83288972;2.32016120;48.82929415
51;24;1965 2002 2002-HD;598800;125824;599400;125424;2.32015997;48.83289124;2.32833358;48.82929508
51;25;1859 1953 1968 1978 1995 1978-HD;599400;125824;600000;125424;2.32833294;48.83289216;2.33650597;48.82929542
51;26;1859 1965 1991-v1 1991-v2 1991-HD;600000;125824;600600;125424;2.33650591;48.83289251;2.34467835;48.82929518
51;27;1859 1912-v2 1966 2002-HD;600600;125824;601200;125424;2.34467889;48.83289227;2.35285073;48.82929435
51;28;1857 1935 1964 1986-v1 1986-v2 1986-HD;601200;125824;601800;125424;2.35285186;48.83289144;2.36102311;48.82929294
51;29;1857 1964 1964-HD;601800;125824;602400;125424;2.36102483;48.83289003;2.36919549;48.82929095
51;30;1964 1964-HD;602400;125824;603000;125424;2.36919780;48.83288803;2.37736787;48.82928836
51;33;1957 1984 1984-HD;604200;125824;604800;125424;2.39371671;48.83287853;2.40188501;48.82927711
51;34;1957 1984 1984-HD;604800;125824;605400;125424;2.40188968;48.83287419;2.41005738;48.82927218
51;36;1946-v1 1946-v2;606000;125824;606600;125424;2.41823561;48.83286376;2.42640213;48.82926058
52;8;1974;589200;125424;589800;125024;2.18940328;48.82919969;2.19758573;48.82561291
52;9;1974;589800;125424;590400;125024;2.19757563;48.82920999;2.20575750;48.82562261
52;10;1972;590400;125424;591000;125024;2.20574799;48.82921969;2.21392926;48.82563174
52;12;1974;591600;125424;592200;125024;2.22209271;48.82923735;2.23027281;48.82564822
52;20;1950 1971 1988 1988-HD;596400;125424;597000;125024;2.28747168;48.82928458;2.29564707;48.82569076
52;21;1950 1971-v1 1971-v2 1971-HD;597000;125424;597600;125024;2.29564406;48.82928785;2.30381886;48.82569345
52;22;1964 1964-HD;597600;125424;598200;125024;2.30381644;48.82929054;2.31199065;48.82569555
52;23;1897 1964 1964-HD;598200;125424;598800;125024;2.31198882;48.82929263;2.32016244;48.82569706
52;24;1948 1968 1991-v1 1991-v2 1991-HD;598800;125424;599400;125024;2.32016120;48.82929415;2.32833423;48.82569799
52;25;1897 1967 1987 1987-HD;599400;125424;600000;125024;2.32833358;48.82929508;2.33650602;48.82569834
52;26;1896 1965 1984 1984-HD;600000;125424;600600;125024;2.33650597;48.82929542;2.34467781;48.82569809
52;27;1966 1989-v1 1989-v2 1989-HD;600600;125424;601200;125024;2.34467835;48.82929518;2.35284960;48.82569727
52;28;1984-v1 1984-v2 1984-HD;601200;125424;601800;125024;2.35285073;48.82929435;2.36102139;48.82569586
52;29;1966 1992-v1 1992-v2 1992-HD;601800;125424;602400;125024;2.36102311;48.82929294;2.36919318;48.82569386
52;30;1907 1966 2000 2000-HD;602400;125424;603000;125024;2.36919549;48.82929095;2.37736497;48.82569128
52;33;1948 1967;604200;125424;604800;125024;2.39371263;48.82928144;2.40188033;48.82568002
52;34;1967;604800;125424;605400;125024;2.40188501;48.82927711;2.41005211;48.82567510
52;36;1946-v1 1946-v2;606000;125424;606600;125024;2.41822975;48.82926667;2.42639568;48.82566350
53;9;1972;589800;125024;590400;124624;2.19758573;48.82561291;2.20576700;48.82202553
53;10;1972;590400;125024;591000;124624;2.20575750;48.82562261;2.21393818;48.82203465
53;11;1971;591000;125024;591600;124624;2.21392926;48.82563174;2.22210936;48.82204319
53;12;1970;591600;125024;592200;124624;2.22210103;48.82564027;2.23028054;48.82205114
53;20;1978;596400;125024;597000;124624;2.28747528;48.82568749;2.29565007;48.82209368
53;21;1950 1971;597000;125024;597600;124624;2.29564707;48.82569076;2.30382127;48.82209636
53;22;1970-v1 1970-HD;597600;125024;598200;124624;2.30381886;48.82569345;2.31199247;48.82209846
53;23;1951 1970-v1 1970-v2 1970-HD;598200;125024;598800;124624;2.31199065;48.82569555;2.32016367;48.82209998
53;24;1934 1954 1986-v1 1986-v2 1986-HD;598800;125024;599400;124624;2.32016244;48.82569706;2.32833487;48.82210091
53;25;1953-v1 1953-v2 1978 1978-HD;599400;125024;600000;124624;2.32833423;48.82569799;2.33650607;48.82210125
53;26;1898 1954 1983-v1 1983-v2 1983-HD;600000;125024;600600;124624;2.33650602;48.82569834;2.34467727;48.82210101
53;27;minute;600600;125024;601200;124624;2.34467781;48.82569809;2.35284847;48.82210018
53;28;1965 2001-v1 2001-v2 2001-HD;601200;125024;601800;124624;2.35284960;48.82569727;2.36101967;48.82209877
53;29;1909 1965 1995 1965-HD;601800;125024;602400;124624;2.36102139;48.82569586;2.36919087;48.82209677
53;30;1908 1963 2001 2001-HD;602400;125024;603000;124624;2.36919318;48.82569386;2.37736207;48.82209419
53;33;1948 1967;604200;125024;604800;124624;2.39370854;48.82568436;2.40187566;48.82208294
53;34;1948 1967;604800;125024;605400;124624;2.40188033;48.82568002;2.41004685;48.82207801
53;35;1948 1971;605400;125024;606000;124624;2.41005211;48.82567510;2.41821804;48.82207251
53;36;1947 1968-v1 1968-v2;606000;125024;606600;124624;2.41822390;48.82566959;2.42638923;48.82206641
54;8;1977;589200;124624;589800;124224;2.18942466;48.82200554;2.19760592;48.81841875
54;9;1973;589800;124624;590400;124224;2.19759583;48.82201583;2.20577650;48.81842845
54;10;1972;590400;124624;591000;124224;2.20576700;48.82202553;2.21394709;48.81843757
54;12;1978;591600;124624;592200;124224;2.22210936;48.82204319;2.23028827;48.81845406
54;13;1970-v1 1970-v2;592200;124624;592800;124224;2.23028054;48.82205114;2.23845886;48.81846142
54;14;1971 1971-niv1 1971-niv2 1971-niv345;592800;124624;593400;124224;2.23845172;48.82205851;2.24662946;48.81846820
54;16;1982;594000;124624;594600;124224;2.25479410;48.82207148;2.26297066;48.81848001
54;18;1956;595200;124624;595800;124224;2.27113648;48.82208212;2.27931187;48.81848947
54;19;minute;595800;124624;596400;124224;2.27930768;48.82208656;2.28748247;48.81849332
54;20;1949;596400;124624;597000;124224;2.28747888;48.82209041;2.29565308;48.81849659
54;21;1949 1990;597000;124624;597600;124224;2.29565007;48.82209368;2.30382369;48.81849928
54;22;1951;597600;124624;598200;124224;2.30382127;48.82209636;2.31199429;48.81850138
54;23;1974;598200;124624;598800;124224;2.31199247;48.82209846;2.32016490;48.81850289
54;24;1972 1972-HD;598800;124624;599400;124224;2.32016367;48.82209998;2.32833551;48.81850382
54;25;1957 1978-v1 1978-v2 1978-HD;599400;124624;600000;124224;2.32833487;48.82210091;2.33650612;48.81850416
54;26;1957 1979-v1 1979-HD;600000;124624;600600;124224;2.33650607;48.82210125;2.34467673;48.81850392
54;27;minute;600600;124624;601200;124224;2.34467727;48.82210101;2.35284734;48.81850310
54;28;1910 1979 1979-HD;601200;124624;601800;124224;2.35284847;48.82210018;2.36101795;48.81850168
54;29;1910 1957 1957-HD;601800;124624;602400;124224;2.36101967;48.82209877;2.36918856;48.81849969
54;30;1976 1976-HD;602400;124624;603000;124224;2.36919087;48.82209677;2.37735916;48.81849711
54;34;1967 2002;604800;124624;605400;124224;2.40187566;48.82208294;2.41004158;48.81848093
54;35;1948 1968;605400;124624;606000;124224;2.41004685;48.82207801;2.41821219;48.81847542
54;36;1948 1971;606000;124624;606600;124224;2.41821804;48.82207251;2.42638278;48.81846933
54;37;1947 1971;606600;124624;607200;124224;2.42638923;48.82206641;2.43455338;48.81846265
54;41;1947 1968;609000;124624;609600;124224;2.45907397;48.82203619;2.46723574;48.81843009
54;45;1947;611400;124624;612000;124224;2.49175866;48.82199661;2.49991806;48.81838817
55;8;1973;589200;124224;589800;123824;2.18943534;48.81840846;2.19761601;48.81482167
55;12;1978;591600;124224;592200;123824;2.22211768;48.81844611;2.23029600;48.81485698
55;13;1970;592200;124224;592800;123824;2.23028827;48.81845406;2.23846600;48.81486434
55;14;1970 1970-niv1 1970-niv2 1970-niv3 1970-niv45;592800;124224;593400;123824;2.23845886;48.81846142;2.24663601;48.81487112
55;15;1970-niv1 1992-v1 1992-v2;593400;124224;594000;123824;2.24662946;48.81846820;2.25480602;48.81487731
55;16;1969;594000;124224;594600;123824;2.25480006;48.81847440;2.26297603;48.81488292
55;17;1959;594600;124224;595200;123824;2.26297066;48.81848001;2.27114604;48.81488795
55;19;minute;595800;124224;596400;123824;2.27931187;48.81848947;2.28748607;48.81489624
55;20;1976;596400;124224;597000;123824;2.28748247;48.81849332;2.29565608;48.81489951
55;21;1950 1975;597000;124224;597600;123824;2.29565308;48.81849659;2.30382610;48.81490219
55;22;1950 1988;597600;124224;598200;123824;2.30382369;48.81849928;2.31199612;48.81490429
55;23;1950 1986;598200;124224;598800;123824;2.31199429;48.81850138;2.32016614;48.81490581
55;24;1950-v2 1978;598800;124224;599400;123824;2.32016490;48.81850289;2.32833615;48.81490673
55;25;1966 1995 1966-HD;599400;124224;600000;123824;2.32833551;48.81850382;2.33650617;48.81490708
55;26;1949 1970 1970-HD;600000;124224;600600;123824;2.33650612;48.81850416;2.34467619;48.81490684
55;27;minute;600600;124224;601200;123824;2.34467673;48.81850392;2.35284621;48.81490601
55;28;1963 1974 1974-HD;601200;124224;601800;123824;2.35284734;48.81850310;2.36101623;48.81490460
55;29;1956 1971 1971-HD;601800;124224;602400;123824;2.36101795;48.81850168;2.36918625;48.81490260
55;30;1976-v1;602400;124224;603000;123824;2.36918856;48.81849969;2.37735626;48.81490002
55;31;1976;603000;124224;603600;123824;2.37735916;48.81849711;2.38552628;48.81489686
55;40;1968;608400;124224;609000;123824;2.45089457;48.81844754;2.45905635;48.81484203
55;41;1991-v1 1991-v2;609000;124224;609600;123824;2.45906516;48.81843911;2.46722635;48.81483301
55;42;1971;609600;124224;610200;123824;2.46723574;48.81843009;2.47539634;48.81482341
56;8;1973;589200;123824;589800;123424;2.18944602;48.81481138;2.19762610;48.81122459
56;13;1970;592200;123824;592800;123424;2.23029600;48.81485698;2.23847314;48.81126726
56;14;1970;592800;123824;593400;123424;2.23846600;48.81486434;2.24664256;48.81127404
56;15;2003;593400;123824;594000;123424;2.24663601;48.81487112;2.25481197;48.81128023
56;16;2002;594000;123824;594600;123424;2.25480602;48.81487731;2.26298139;48.81128584
56;17;1959 1985;594600;123824;595200;123424;2.26297603;48.81488292;2.27115081;48.81129086
56;18;1958;595200;123824;595800;123424;2.27114604;48.81488795;2.27932024;48.81129530
56;19;1953;595800;123824;596400;123424;2.27931605;48.81489239;2.28748966;48.81129916
56;20;1951 1977;596400;123824;597000;123424;2.28748607;48.81489624;2.29565909;48.81130243
56;21;1977-v1 1977-v2 2003-v1 2003-v2;597000;123824;597600;123424;2.29565608;48.81489951;2.30382851;48.81130511
56;22;1951 1972;597600;123824;598200;123424;2.30382610;48.81490219;2.31199794;48.81130721
56;23;1951 1981;598200;123824;598800;123424;2.31199612;48.81490429;2.32016737;48.81130872
56;24;1951 1972;598800;123824;599400;123424;2.32016614;48.81490581;2.32833680;48.81130965
56;25;1951 1969;599400;123824;600000;123424;2.32833615;48.81490673;2.33650622;48.81130999
56;26;1950 1972;600000;123824;600600;123424;2.33650617;48.81490708;2.34467565;48.81130975
56;28;1975;601200;123824;601800;123424;2.35284621;48.81490601;2.36101451;48.81130751
56;29;1957;601800;123824;602400;123424;2.36101623;48.81490460;2.36918394;48.81130552
56;30;1949 1975;602400;123824;603000;123424;2.36918625;48.81490260;2.37735336;48.81130294
56;31;1957;603000;123824;603600;123424;2.37735626;48.81490002;2.38552279;48.81129977
56;41;1947 1971;609000;123824;609600;123424;2.45905635;48.81484203;2.46721695;48.81123593
56;42;1962;609600;123824;610200;123424;2.46722635;48.81483301;2.47538635;48.81122633
56;43;1964;610200;123824;610800;123424;2.47539634;48.81482341;2.48355575;48.81121615
57;8;1974;589200;123424;589800;123024;2.18945670;48.81121430;2.19763619;48.80762751
57;14;1970;592800;123424;593400;123024;2.23847314;48.81126726;2.24664910;48.80767696
57;15;2003;593400;123424;594000;123024;2.24664256;48.81127404;2.25481793;48.80768315
57;16;2002;594000;123424;594600;123024;2.25481197;48.81128023;2.26298676;48.80768876
57;17;1960;594600;123424;595200;123024;2.26298139;48.81128584;2.27115559;48.80769378
57;18;1960;595200;123424;595800;123024;2.27115081;48.81129086;2.27932442;48.80769822
57;19;2001;595800;123424;596400;123024;2.27932024;48.81129530;2.28749326;48.80770207
57;20;1978-v1 1978-v2;596400;123424;597000;123024;2.28748966;48.81129916;2.29566209;48.80770534
57;21;1955 1977;597000;123424;597600;123024;2.29565909;48.81130243;2.30383093;48.80770802
57;22;1953 1982;597600;123424;598200;123024;2.30382851;48.81130511;2.31199976;48.80771012
57;23;1952 1981;598200;123424;598800;123024;2.31199794;48.81130721;2.32016860;48.80771164
57;24;1975;598800;123424;599400;123024;2.32016737;48.81130872;2.32833744;48.80771257
57;25;1951 1979;599400;123424;600000;123024;2.32833680;48.81130965;2.33650628;48.80771291
57;26;1950 1977;600000;123424;600600;123024;2.33650622;48.81130999;2.34467511;48.80771267
57;27;1977;600600;123424;601200;123024;2.34467565;48.81130975;2.35284395;48.80771184
57;28;1959;601200;123424;601800;123024;2.35284508;48.81130893;2.36101279;48.80771043
57;29;1984;601800;123424;602400;123024;2.36101451;48.81130751;2.36918163;48.80770843
57;30;1950 1976;602400;123424;603000;123024;2.36918394;48.81130552;2.37735046;48.80770585
57;31;1987;603000;123424;603600;123024;2.37735336;48.81130294;2.38551930;48.80770269
57;42;1964;609600;123424;610200;123024;2.46721695;48.81123593;2.47537637;48.80762925
57;43;1962;610200;123424;610800;123024;2.47538635;48.81122633;2.48354518;48.80761907
57;44;1977;610800;123424;611400;123024;2.48355575;48.81121615;2.49171398;48.80760830
57;45;1977;611400;123424;612000;123024;2.49172515;48.81120537;2.49988278;48.80759694
57;46;1962;612000;123424;612600;123024;2.49989454;48.81119402;2.50805158;48.80758500
57;47;1962;612600;123424;613200;123024;2.50806393;48.81118208;2.51622037;48.80757248
58;7;1973;588600;123024;589200;122624;2.18129858;48.80760635;2.18947806;48.80402015
58;8;1972;589200;123024;589800;122624;2.18946738;48.80761722;2.19764628;48.80403043
58;14;1970;592800;123024;593400;122624;2.23848028;48.80767018;2.24665565;48.80407987
58;15;1959;593400;123024;594000;122624;2.24664910;48.80767696;2.25482389;48.80408607
58;16;1959;594000;123024;594600;122624;2.25481793;48.80768315;2.26299212;48.80409168
58;17;1988;594600;123024;595200;122624;2.26298676;48.80768876;2.27116036;48.80409670
58;18;1992;595200;123024;595800;122624;2.27115559;48.80769378;2.27932861;48.80410114
58;19;1992;595800;123024;596400;122624;2.27932442;48.80769822;2.28749685;48.80410499
58;20;1978;596400;123024;597000;122624;2.28749326;48.80770207;2.29566509;48.80410826
58;21;1979;597000;123024;597600;122624;2.29566209;48.80770534;2.30383334;48.80411094
58;22;1952 1982;597600;123024;598200;122624;2.30383093;48.80770802;2.31200159;48.80411304
58;23;1954 1973;598200;123024;598800;122624;2.31199976;48.80771012;2.32016983;48.80411455
58;24;1954 1975;598800;123024;599400;122624;2.32016860;48.80771164;2.32833808;48.80411548
58;25;1955 1978;599400;123024;600000;122624;2.32833744;48.80771257;2.33650633;48.80411583
58;26;1975;600000;123024;600600;122624;2.33650628;48.80771291;2.34467458;48.80411558
58;27;1976;600600;123024;601200;122624;2.34467511;48.80771267;2.35284282;48.80411476
58;28;1958;601200;123024;601800;122624;2.35284395;48.80771184;2.36101107;48.80411335
58;29;2001;601800;123024;602400;122624;2.36101279;48.80771043;2.36917932;48.80411135
58;30;1953;602400;123024;603000;122624;2.36918163;48.80770843;2.37734756;48.80410877
58;31;1987-v1 1987-v2;603000;123024;603600;122624;2.37735046;48.80770585;2.38551581;48.80410560
58;32;1958;603600;123024;604200;122624;2.38551930;48.80770269;2.39368405;48.80410185
58;37;1960 2001;606600;123024;607200;122624;2.42636345;48.80767808;2.43452524;48.80407433
58;38;1989;607200;123024;607800;122624;2.43453228;48.80767141;2.44269348;48.80406707
58;39;1989;607800;123024;608400;122624;2.44270110;48.80766415;2.45086171;48.80405922
58;40;1978;608400;123024;609000;122624;2.45086992;48.80765630;2.45902994;48.80405079
58;45;2005;611400;123024;612000;122624;2.49171398;48.80760830;2.49987103;48.80399987
58;46;1962;612000;123024;612600;122624;2.49988278;48.80759694;2.50803923;48.80398793
58;47;1962;612600;123024;613200;122624;2.50805158;48.80758500;2.51620744;48.80397540
59;8;1972;589200;122624;589800;122224;2.18947806;48.80402015;2.19765637;48.80043336
59;15;1959;593400;122624;594000;122224;2.24665565;48.80407987;2.25482984;48.80048899
59;16;1959;594000;122624;594600;122224;2.25482389;48.80408607;2.26299749;48.80049459
59;18;1987;595200;122624;595800;122224;2.27116036;48.80409670;2.27933279;48.80050405
59;19;1959 2001;595800;122624;596400;122224;2.27932861;48.80410114;2.28750044;48.80050791
59;20;1989;596400;122624;597000;122224;2.28749685;48.80410499;2.29566810;48.80051117
59;21;1959;597000;122624;597600;122224;2.29566509;48.80410826;2.30383575;48.80051386
59;22;1952;597600;122624;598200;122224;2.30383334;48.80411094;2.31200341;48.80051596
59;23;1953 1973;598200;122624;598800;122224;2.31200159;48.80411304;2.32017107;48.80051747
59;24;1979;598800;122624;599400;122224;2.32016983;48.80411455;2.32833872;48.80051840
59;25;1955 1981;599400;122624;600000;122224;2.32833808;48.80411548;2.33650638;48.80051874
59;26;1975;600000;122624;600600;122224;2.33650633;48.80411583;2.34467404;48.80051850
59;27;1982;600600;122624;601200;122224;2.34467458;48.80411558;2.35284169;48.80051767
59;28;1959;601200;122624;601800;122224;2.35284282;48.80411476;2.36100935;48.80051626
59;30;1990;602400;122624;603000;122224;2.36917932;48.80411135;2.37734466;48.80051169
59;31;1947 1985;603000;122624;603600;122224;2.37734756;48.80410877;2.38551232;48.80050852
59;32;1948-v1;603600;122624;604200;122224;2.38551581;48.80410560;2.39367997;48.80050477
59;33;1958;604200;122624;604800;122224;2.39368405;48.80410185;2.40184762;48.80050044
59;37;1960 2001;606600;122624;607200;122224;2.42635701;48.80408100;2.43451821;48.80047725
59;38;1988;607200;122624;607800;122224;2.43452524;48.80407433;2.44268586;48.80046999
59;39;1960;607800;122624;608400;122224;2.44269348;48.80406707;2.45085350;48.80046214
59;40;1974;608400;122624;609000;122224;2.45086171;48.80405922;2.45902113;48.80045371
59;41;1956;609000;122624;609600;122224;2.45902994;48.80405079;2.46718877;48.80044470
59;45;2005;611400;122624;612000;122224;2.49170282;48.80401122;2.49985927;48.80040279
59;46;1964;612000;122624;612600;122224;2.49987103;48.80399987;2.50802689;48.80039085
59;47;1964;612600;122624;613200;122224;2.50803923;48.80398793;2.51619450;48.80037833
60;17;1979;594600;122224;595200;121824;2.26299749;48.80049459;2.27116991;48.79690253
60;18;2002;595200;122224;595800;121824;2.27116514;48.80049962;2.27933697;48.79690697
60;19;1995;595800;122224;596400;121824;2.27933279;48.80050405;2.28750404;48.79691082
60;20;1992;596400;122224;597000;121824;2.28750044;48.80050791;2.29567110;48.79691409
60;21;1959;597000;122224;597600;121824;2.29566810;48.80051117;2.30383817;48.79691678
60;22;1952-v2;597600;122224;598200;121824;2.30383575;48.80051386;2.31200523;48.79691887
60;23;1952 1974;598200;122224;598800;121824;2.31200341;48.80051596;2.32017230;48.79692039
60;24;1956 1981;598800;122224;599400;121824;2.32017107;48.80051747;2.32833936;48.79692132
60;25;1956 1980;599400;122224;600000;121824;2.32833872;48.80051840;2.33650643;48.79692166
60;26;1977;600000;122224;600600;121824;2.33650638;48.80051874;2.34467350;48.79692142
60;27;1957 1981-v1 1981-v2;600600;122224;601200;121824;2.34467404;48.80051850;2.35284057;48.79692059
60;28;1986;601200;122224;601800;121824;2.35284169;48.80051767;2.36100763;48.79691918
60;29;1996;601800;122224;602400;121824;2.36100935;48.80051626;2.36917470;48.79691718
60;30;1959;602400;122224;603000;121824;2.36917701;48.80051427;2.37734176;48.79691460
60;31;1993;603000;122224;603600;121824;2.37734466;48.80051169;2.38550883;48.79691144
60;32;1960;603600;122224;604200;121824;2.38551232;48.80050852;2.39367589;48.79690769
60;38;1988;607200;122224;607800;121824;2.43451821;48.80047725;2.44267823;48.79687291
60;39;1989;607800;122224;608400;121824;2.44268586;48.80046999;2.45084528;48.79686506
60;41;1956;609000;122224;609600;121824;2.45902113;48.80045371;2.46717938;48.79684762
60;42;1963;609600;122224;610200;121824;2.46718877;48.80044470;2.47534642;48.79683802
60;43;1963;610200;122224;610800;121824;2.47535640;48.80043510;2.48351346;48.79682784
61;18;1990;595200;121824;595800;121424;2.27116991;48.79690253;2.27934116;48.79330989
61;19;1959;595800;121824;596400;121424;2.27933697;48.79690697;2.28750763;48.79331374
61;20;1959;596400;121824;597000;121424;2.28750404;48.79691082;2.29567410;48.79331701
61;21;1961;597000;121824;597600;121424;2.29567110;48.79691409;2.30384058;48.79331969
61;22;1960-v1 1960-v2;597600;121824;598200;121424;2.30383817;48.79691678;2.31200705;48.79332179
61;23;1960;598200;121824;598800;121424;2.31200523;48.79691887;2.32017353;48.79332330
61;24;1956;598800;121824;599400;121424;2.32017230;48.79692039;2.32834001;48.79332423
61;25;1956 1980-v1 1980-v2;599400;121824;600000;121424;2.32833936;48.79692132;2.33650648;48.79332458
61;26;1957;600000;121824;600600;121424;2.33650643;48.79692166;2.34467296;48.79332434
61;27;1976;600600;121824;601200;121424;2.34467350;48.79692142;2.35283944;48.79332351
62;20;2005;596400;121424;597000;121024;2.28750763;48.79331374;2.29567710;48.78971993
62;21;1993;597000;121424;597600;121024;2.29567410;48.79331701;2.30384299;48.78972261
62;22;1961;597600;121424;598200;121024;2.30384058;48.79331969;2.31200887;48.78972471
62;23;1960;598200;121424;598800;121024;2.31200705;48.79332179;2.32017476;48.78972622
63;21;1963;597000;121024;597600;120624;2.29567710;48.78971993;2.30384540;48.78612553
63;22;1961;597600;121024;598200;120624;2.30384299;48.78972261;2.31201070;48.78612763
64;31;1947;603000;120624;603600;120224;2.37733307;48.78612336;2.38549487;48.78252311
64;32;1947;603600;120624;604200;120224;2.38549836;48.78612020;2.39365958;48.78251937
65;31;1947;603000;120224;603600;119824;2.37733017;48.78252628;2.38549139;48.77892604
65;32;1947;603600;120224;604200;119824;2.38549487;48.78252311;2.39365550;48.77892229
66;31;1947;603000;119824;603600;119424;2.37732727;48.77892920;2.38548790;48.77532896
66;32;1947;603600;119824;604200;119424;2.38549139;48.77892604;2.39365142;48.77532521
66;33;1947 1970;604200;119824;604800;119424;2.39365550;48.77892229;2.40181495;48.77532087
67;24;1982;598800;119424;599400;119024;2.32017969;48.77533790;2.32834385;48.77174175
67;25;1982;599400;119424;600000;119024;2.32834321;48.77533883;2.33650679;48.77174209
67;32;1947;603600;119424;604200;119024;2.38548790;48.77532896;2.39364735;48.77172813
67;33;1947;604200;119424;604800;119024;2.39365142;48.77532521;2.40181028;48.77172380
67;42;1983;609600;119424;610200;119024;2.46712306;48.77526516;2.47527659;48.77165850
71;19;1953;595800;117824;596400;117424;2.27937877;48.76093618;2.28754352;48.75734296
71;20;1953 1981-v1 1981-v2;596400;117824;597000;117424;2.28753994;48.76094003;2.29570410;48.75734622
71;21;1953;597000;117824;597600;117424;2.29570110;48.76094330;2.30386468;48.75734890
72;19;1954;595800;117424;596400;117024;2.27938295;48.75733911;2.28754711;48.75374588
72;20;1952;596400;117424;597000;117024;2.28754352;48.75734296;2.29570710;48.75374914
72;21;1954;597000;117424;597600;117024;2.29570410;48.75734622;2.30386709;48.75375183
75;23;1980;598200;116224;598800;115824;2.31203071;48.74655977;2.32019076;48.74296421